Year,CH.Seagrass.ha
1988,6708.884508
1989,
1990,
1991,
1992,6530.822668
1993,
1994,6851.738666
1995,
1996,7097.383068
1997,
1998,
1999,6605.689578
2000,
2001,
2002,6725.88132
2003,
2004,6696.339242
2005,
2006,6742.878132
2007,
2008,6376.637302
2009,
2010,6652.228468
2011,
2012,6962.62263
2013,
2014,7326.84003
2015,
2016,7473.741048
2017,
2018,7272.20742
2019,
2020,5645.774386
2021,
2022,5482.281242
